{
  "project_info": {
    "project_number": "807601794433",
    "project_id": "eqt-tracker",
    "storage_bucket": "eqt-tracker.firebasestorage.app"
  },
  "client": [
    {
      "client_info": {
        "mobilesdk_app_id": "1:807601794433:android:98900df6cf7b195f050c80",
        "android_client_info": {
          "package_name": "com.example.equipment_tracker"
        }
      },
      "oauth_client": [],
      "api_key": [
        {
          "current_key": "AIzaSyBKJluPWr9wxPda9w26TK9P-6w4ngaIVXU"
        }
      ],
      "services": {
        "appinvite_service": {
          "other_platform_oauth_client": []
        }
      }
    }
  ],
  "configuration_version": "1"
}